RawMotif	CleanedMotif	MethylationPosition
C^GGCCG	CGGCCG	2
CAGGTACCCTTTAAACCTACTAACCC(-12/-16)	CAGGTACCCTTTAAACCTACTAACCC(-12/-16)	0
GGATCC	GGATCC	0
AT^CGAT	ATCGAT	3
?	?	0
GANTC	GANTC	0
ACCGAG	ACCGAG	0
TTA^TAA	TTATAA	4
GATC	GATC	0
GTGCAC	GTGCAC	0
CACCTGC(4/8)	CACCTGC(4/8)	0
GACNNNN^NNGTC	GACNNNNNNGTC	8
AGG^CCT	AGGCCT	4
GACGT^C	GACGTC	6
T^GTACA	TGTACA	2
T^GATCA	TGATCA	2
CACRAC	CACRAC	0
GNGCAAC	GNGCAAC	0
CTATCAV	CTATCAV	0
GCAAAC	GCAAAC	0
C(11/9)	C(11/9)	0
CATTAG	CATTAG	0
C(10/9)	C(10/9)	0
CAYGAC	CAYGAC	0
YCCGSS	YCCGSS	0
CCTCAGC(-5/-2)	CCTCAGC(-5/-2)	0
C^TCGAG	CTCGAG	2
GRTYGACC	GRTYGACC	0
TGGCCA	TGGCCA	0
CC^TCGAGG	CCTCGAGG	3
TTCGAA	TTCGAA	0
TGCGCA	TGCGCA	0
GGCC	GGCC	0
GT^MKAC	GTMKAC	3
CG^CG	CGCG	3
T^CCGGA	TCCGGA	2
CTGAAG	CTGAAG	0
GACRAC	GACRAC	0
GGARCA	GGARCA	0
TGC^GCA	TGCGCA	4
ACCTGC(4/8)	ACCTGC(4/8)	0
CCWGG	CCWGG	0
G^GTACC	GGTACC	2
GACGCA	GACGCA	0
AGT^ACT	AGTACT	4
G^GYRCC	GGYRCC	2
RGCGC^Y	RGCGCY	6
CCANNNN^NTGG	CCANNNNNTGG	8
CCGCTC(-3/-3)	CCGCTC(-3/-3)	0
G^GATCC	GGATCC	2
G^CWGC	GCWGC	2
GCTAG^C	GCTAGC	6
CAGCTC(7/11)	CAGCTC(7/11)	0
AGCCAG	AGCCAG	0
TGGGGAGGTTTTTCAGTATC(-8/-12)	TGGGGAGGTTTTTCAGTATC(-8/-12)	0
CCGC(-3/-1)	CCGC(-3/-1)	0
AA^CGTT	AACGTT	3
A^CTAGT	ACTAGT	2
GGATC(4/5)	GGATC(4/5)	0
Y^GGCCR	YGGCCR	2
CCRGAG	CCRGAG	0
TAGCRAB	TAGCRAB	0
TT^CGAA	TTCGAA	3
CYCGRG	CYCGRG	0
G^GTNACC	GGTNACC	2
R^AATTY	RAATTY	2
GTCGAC	GTCGAC	0
CTGAAG(16/14)	CTGAAG(16/14)	0
CAC^GTG	CACGTG	4
GR^CGYC	GRCGYC	3
CACNNN^GTG	CACNNNGTG	7
CTCGAG	CTCGAG	0
AGGCCT	AGGCCT	0
CC^WGG	CCWGG	3
GT^AC	GTAC	3
CGAT^CG	CGATCG	5
GCCGGC	GCCGGC	0
AGC^GCT	AGCGCT	4
CCNNNNN^NNGG	CCNNNNNNNGG	8
G^GWCC	GGWCC	2
C^TTAAG	CTTAAG	2
A^CRYGT	ACRYGT	2
AGTACT	AGTACT	0
A^CCGGT	ACCGGT	2
TTS^AA	TTSAA	4
CC^SGG	CCSGG	3
TTT^AAA	TTTAAA	4
GGNCC	GGNCC	0
GACNNN^NNGTC	GACNNNNNGTC	7
C^CCGGG	CCCGGG	2
AAGAACB	AAGAACB	0
GCYYGAC	GCYYGAC	0
YAAMGAG	YAAMGAG	0
CTGCAG	CTGCAG	0
RGATCY	RGATCY	0
CACGTC(-3/-3)	CACGTC(-3/-3)	0
^CCWGG	CCWGG	1
CTGCA^G	CTGCAG	6
(7/12)GAANNNNNNNTTGG(11/6)	(7/12)GAANNNNNNNTTGG(11/6)	0
GCWGC	GCWGC	0
CACNN^NNGTG	CACNNNNGTG	6
(10/12)GCANNNNNNTGC(12/10)	(10/12)GCANNNNNNTGC(12/10)	0
(7/12)GAACNNNNNNTCC(12/7)	(7/12)GAACNNNNNNTCC(12/7)	0
AG^CT	AGCT	3
GWGCW^C	GWGCWC	6
GTCTC(1/5)	GTCTC(1/5)	0
G^TGCAC	GTGCAC	2
GAAAYNNNNNRTG	GAAAYNNNNNRTG	0
CAGNNN^CTG	CAGNNNCTG	7
GCAGC(8/12)	GCAGC(8/12)	0
C^YCGRG	CYCGRG	2
GCTCCA(11/9)	GCTCCA(11/9)	0
TCGCGA	TCGCGA	0
TTGAGGAGGTTTCTCTGTAAATAA(-11/-15)	TTGAGGAGGTTTCTCTGTAAATAA(-11/-15)	0
CC^TNAGG	CCTNAGG	3
GDGCH^C	GDGCHC	6
GATCNAC	GATCNAC	0
CCGCGG	CCGCGG	0
^GGCC	GGCC	1
GGGCC^C	GGGCCC	6
GCANNNNN^TGC	GCANNNNNTGC	9
ACGCGT	ACGCGT	0
GCAAGGCTGAAACTTAAAGG(-7/-11)	GCAAGGCTGAAACTTAAAGG(-7/-11)	0
ATCGAT	ATCGAT	0
ATCGAC(20/18)	ATCGAC(20/18)	0
GCCGNAC(20/18)	GCCGNAC(20/18)	0
GAGGAG(20/18)	GAGGAG(20/18)	0
GRGGAAG(19/17)	GRGGAAG(19/17)	0
(8/13)GACNNNNNNTTYG(11/6)	(8/13)GACNNNNNNTTYG(11/6)	0
GG^CGCGCC	GGCGCGCC	3
AT^TAAT	ATTAAT	3
G^ATC	GATC	2
ATGCA^T	ATGCAT	6
GCGAT^CGC	GCGATCGC	6
GGGABCC	GGGABCC	0
GACN^NNGTC	GACNNNGTC	5
CCSGG	CCSGG	0
AAGCTT	AAGCTT	0
ACRYGT	ACRYGT	0
CGRAGGC	CGRAGGC	0
CARABGG	CARABGG	0
GGWCC	GGWCC	0
GAANN^NNTTC	GAANNNNTTC	6
CCGG	CCGG	0
C^CTAGG	CCTAGG	2
ACCCAC	ACCCAC	0
YSCNS(8/12)	YSCNS(8/12)	0
RG^GWCCY	RGGWCCY	3
GCCGC	GCCGC	0
GCATGC	GCATGC	0
GTAC	GTAC	0
GAATGC(1/-1)	GAATGC(1/-1)	0
GACGTC	GACGTC	0
CGCCCAG	CGCCCAG	0
GCG^C	GCGC	4
^GATC	GATC	1
GGN^NCC	GGNNCC	4
G^GNCC	GGNCC	2
GTCTCA	GTCTCA	0
AGCABCC	AGCABCC	0
GCCNNNNNNTCC	GCCNNNNNNTCC	0
CGTRAC	CGTRAC	0
GGTGA(8/7)	GGTGA(8/7)	0
G^CTAGC	GCTAGC	2
CCTNAGG	CCTNAGG	0
CCATGG	CCATGG	0
GGGRAG	GGGRAG	0
TGATCA	TGATCA	0
GTTGCAGGCAATATCCGGCGTAGTGCCGGAATGCGTCAG	GTTGCAGGCAATATCCGGCGTAGTGCCGGAATGCGTCAG	0
ATGCAT	ATGCAT	0
YGGCCR	YGGCCR	0
CTGCA	CTGCA	0
RCATG^Y	RCATGY	6
GCCRAG	GCCRAG	0
(10/15)ACNNNNGTAYC(12/7)	(10/15)ACNNNNGTAYC(12/7)	0
GKGCM^C	GKGCMC	6
CCCGAG	CCCGAG	0
TGG^CCA	TGGCCA	4
CAG^CTG	CAGCTG	4
ATTGAATTCCTGGATACCAAAA(-12/-14)	ATTGAATTCCTGGATACCAAAA(-12/-14)	0
GRGCY^C	GRGCYC	6
GACGAG	GACGAG	0
GG^CC	GGCC	3
RTCAGG	RTCAGG	0
(7/12)GAAGNNNNNNTAC(12/7)	(7/12)GAAGNNNNNNTAC(12/7)	0
AACGCTCAGCAATTCCCACGT(?/-18)	AACGCTCAGCAATTCCCACGT(?/-18)	0
CACGAG(-5/-1)	CACGAG(-5/-1)	0
GTTCAG	GTTCAG	0
ACRGAG	ACRGAG	0
WCCGGW	WCCGGW	0
GGCGC^C	GGCGCC	6
GGCGCC	GGCGCC	0
TCCGGA	TCCGGA	0
A^CGCGT	ACGCGT	2
A^AGCTT	AAGCTT	2
GAAGAC(2/6)	GAAGAC(2/6)	0
GGRCAG	GGRCAG	0
GGCGAG	GGCGAG	0
GAGGAC	GAGGAC	0
GTRAAYG	GTRAAYG	0
CGGGAG	CGGGAG	0
G^CGC	GCGC	2
GCATG^C	GCATGC	6
GNAAYG	GNAAYG	0
CGRKA	CGRKA	0
GCGC	GCGC	0
W^CCGGW	WCCGGW	2
CCATC(4/5)	CCATC(4/5)	0
GCNNNNN^NNGC	GCNNNNNNNGC	8
CTTGAG(16/14)	CTTGAG(16/14)	0
GCNGC	GCNGC	0
GCNNNNNNNGC	GCNNNNNNNGC	0
TAGGAG	TAGGAG	0
TATCNAG	TATCNAG	0
CGCG	CGCG	0
ACGGC(12/14)	ACGGC(12/14)	0
CACAG	CACAG	0
CGAAG(27/29)	CGAAG(27/29)	0
(7/5)GCAGC(9/11)	(7/5)GCAGC(9/11)	0
GGCC,GCNGC,CCGG,GGNCC	GGCC,GCNGC,CCGG,GGNCC	0
ACGGC(12/13)	ACGGC(12/13)	0
(10/12)CGANNNNNNTGC(12/10)	(10/12)CGANNNNNNTGC(12/10)	0
GCAGC	GCAGC	0
G^AATTC	GAATTC	2
TGGGAAAAAGCCAGTGGGTTCGAAGAGTCTATG	TGGGAAAAAGCCAGTGGGTTCGAAGAGTCTATG	0
GTATCC(6/5)	GTATCC(6/5)	0
CTCTTC(1/4)	CTCTTC(1/4)	0
C^CGG	CCGG	2
CTGGAG	CTGGAG	0
GATNNNNATC	GATNNNNATC	0
GAAGAC	GAAGAC	0
R^CCGGY	RCCGGY	2
CTRYAG	CTRYAG	0
GAAGCY	GAAGCY	0
CTCTTC	CTCTTC	0
GGNNCC	GGNNCC	0
ACGGC	ACGGC	0
(10/12)TGANNNNNNTCA(12/10)	(10/12)TGANNNNNNTCA(12/10)	0
C^TRYAG	CTRYAG	2
C^TAG	CTAG	2
GANGGAG	GANGGAG	0
ACTGGG(5/4)	ACTGGG(5/4)	0
GWGCWC	GWGCWC	0
GTRAAG	GTRAAG	0
GCCNNNN^NGGC	GCCNNNNNGGC	8
A^GATCT	AGATCT	2
GGAGGC	GGAGGC	0
GCATC	GCATC	0
GCCCNA	GCCCNA	0
GC^NGC	GCNGC	3
GDGCHC	GDGCHC	0
RTTAAATM	RTTAAATM	0
GRAGCAG	GRAGCAG	0
GGTCTC	GGTCTC	0
GGTCTC(1/5)	GGTCTC(1/5)	0
R^GATCY	RGATCY	2
GC^TNAGC	GCTNAGC	3
GCN^GC	GCNGC	4
CGATCG	CGATCG	0
GGYRCC	GGYRCC	0
RGC^GCY	RGCGCY	4
CCCGC(4/6)	CCCGC(4/6)	0
CC^NGG	CCNGG	3
C(2/0)	C(2/0)	0
GKGCCC	GKGCCC	0
GKGCMC	GKGCMC	0
GAGTAAGAGCCCGTAGTAATGACATGGC(-15/-18)	GAGTAAGAGCCCGTAGTAATGACATGGC(-15/-18)	0
GCATC(5/9)	GCATC(5/9)	0
GCNNGC	GCNNGC	0
GACNN^NNGTC	GACNNNNGTC	6
CTNAG	CTNAG	0
(8/13)GAGNNNNNCTC(13/8)	(8/13)GAGNNNNNCTC(13/8)	0
CTGGAG(16/14)	CTGGAG(16/14)	0
TACCNAG	TACCNAG	0
CCTNAGC(-5/-2)	CCTNAGC(-5/-2)	0
GCCNNNNNGGC	GCCNNNNNGGC	0
CCTNNNNNAGG	CCTNNNNNAGG	0
TACGTA	TACGTA	0
GAG^CTC	GAGCTC	4
C^GTACG	CGTACG	2
GGCGGA	GGCGGA	0
GGATC	GGATC	0
GCTNAGC	GCTNAGC	0
CCCGT	CCCGT	0
GGGAC	GGGAC	0
GGGAC(10/14)	GGGAC(10/14)	0
YAC^GTR	YACGTR	4
GATNN^NNATC	GATNNNNATC	6
CCNGG	CCNGG	0
CTTAAG	CTTAAG	0
C^CNNGG	CCNNGG	2
GTTAAC	GTTAAC	0
AGCT	AGCT	0
CGRY^CG	CGRYCG	5
(9/12)ACNNNNNCTCC(10/7)	(9/12)ACNNNNNCTCC(10/7)	0
CAACAC(21/19)	CAACAC(21/19)	0
GATATC	GATATC	0
GCATC(4/6)	GCATC(4/6)	0
GCGCGC	GCGCGC	0
ACTGG	ACTGG	0
CCANNNNNNTGG	CCANNNNNNTGG	0
GRGCYC	GRGCYC	0
CGRYCG	CGRYCG	0
GTCTC	GTCTC	0
RCCGGY	RCCGGY	0
GCAGGC(-1/-5)	GCAGGC(-1/-5)	0
ACTGG(1/-1)	ACTGG(1/-1)	0
CCNNNNNNNGG	CCNNNNNNNGG	0
GGTNACC	GGTNACC	0
AGATCT	AGATCT	0
GCAATG(2/0)	GCAATG(2/0)	0
GGATG(2/0)	GGATG(2/0)	0
CTCAG(10/8)	CTCAG(10/8)	0
G^CGCGC	GCGCGC	2
GAGGAG(10/8)	GAGGAG(10/8)	0
CCCAGC(-5/-1)	CCCAGC(-5/-1)	0
GTGCAG(16/14)	GTGCAG(16/14)	0
CGTCTC(1/5)	CGTCTC(1/5)	0
ACNNNNNCTCC	ACNNNNNCTCC	0
GAGTC	GAGTC	0
TGTACA	TGTACA	0
RGCGCY	RGCGCY	0
C^CWWGG	CCWWGG	2
CGTACG	CGTACG	0
CGGCCG	CGGCCG	0
CCNNGG	CCNNGG	0
C^CATGG	CCATGG	2
(8/13)GACNNNNNNTGG(12/7)	(8/13)GACNNNNNNTGG(12/7)	0
TCG^CGA	TCGCGA	4
CACGTG	CACGTG	0
G^GGCCC	GGGCCC	2
CGCGCAG	CGCGCAG	0
CCGCAT	CCGCAT	0
T^CTAGA	TCTAGA	2
CTCAG(9/7)	CTCAG(9/7)	0
GAGTC(4/6)	GAGTC(4/6)	0
CTGGAC	CTGGAC	0
T^CATGA	TCATGA	2
GGTACC	GGTACC	0
GAT^C	GATC	4
A^CATGT	ACATGT	2
TCTAGA	TCTAGA	0
GTA^TAC	GTATAC	4
G^TCGAC	GTCGAC	2
CCAGA	CCAGA	0
GCTCTTC(1/4)	GCTCTTC(1/4)	0
GCSG^C	GCSGC	5
ACGCGT,CCGCGG,RGCGCY,RCCGGY,GCGCGC	ACGCGT,CCGCGG,RGCGCY,RCCGGY,GCGCGC	0
GGGTC(-3/0)	GGGTC(-3/0)	0
^CCNGG	CCNGG	1
CCWWGG	CCWWGG	0
GCANNNN^NTGC	GCANNNNNTGC	8
ACN^GT	ACNGT	4
GCN^NGC	GCNNGC	4
C^TNAG	CTNAG	2
C^CRYGG	CCRYGG	2
CCTNN^NNNAGG	CCTNNNNNAGG	6
GTT^AAC	GTTAAC	4
CCANNNNN^NTGG	CCANNNNNNTGG	9
GASTC	GASTC	0
ATTT^AAAT	ATTTAAAT	5
TAC^GTA	TACGTA	4
GACNNNNNGTC	GACNNNNNGTC	0
ACTGGG	ACTGGG	0
GCGATG(10/14)	GCGATG(10/14)	0
ATTATCCGTGATGAGTCAATTCA(-21/-23)	ATTATCCGTGATGAGTCAATTCA(-21/-23)	0
ATGTAAACTCACGCTTCGGTGATCCAAACGTGACAACTG(-19/-17)	ATGTAAACTCACGCTTCGGTGATCCAAACGTGACAACTG(-19/-17)	0
GCAGT	GCAGT	0
CAGCTG	CAGCTG	0
GCNG^C	GCNGC	5
ACATC	ACATC	0
GCAGTG(2/0)	GCAGTG(2/0)	0
CAGTG(2/0)	CAGTG(2/0)	0
GGGTC	GGGTC	0
GACNNNNNTGG	GACNNNNNTGG	0
ACGRAG	ACGRAG	0
GGTTAG	GGTTAG	0
GRTTRAG	GRTTRAG	0
CTTGAC	CTTGAC	0
GTTAAT	GTTAAT	0
AGGAAT	AGGAAT	0
CCTNAYNC	CCTNAYNC	0
CACGAG	CACGAG	0
GCRGAAG	GCRGAAG	0
GATAAT	GATAAT	0
CRAAAAR	CRAAAAR	0
GACGC	GACGC	0
GGARGA(11/9)	GGARGA(11/9)	0
CCCAAG(20/18)	CCCAAG(20/18)	0
GNGAAAY	GNGAAAY	0
GC^GGCCGC	GCGGCCGC	3
GCC^GGC	GCCGGC	4
GAGNNNNNRTG	GAGNNNNNRTG	0
GGGTDA	GGGTDA	0
CAAGAA	CAAGAA	0
GAAGAA	GAAGAA	0
CAYNNNNNRTAG	CAYNNNNNRTAG	0
CAYNNNNNRTG	CAYNNNNNRTG	0
CAYNNNNNCTC	CAYNNNNNCTC	0
GCYGA	GCYGA	0
CAGCAG	CAGCAG	0
CGACCAG	CGACCAG	0
CATCG(-1/-1)	CATCG(-1/-1)	0
GCMGAAG	GCMGAAG	0
GCGGAG	GCGGAG	0
GCGCAG	GCGCAG	0
RGAAAGR	RGAAAGR	0
CCGATCC	CCGATCC	0
GCGGAG(20/18)	GCGGAG(20/18)	0
GTGAAG	GTGAAG	0
GAT^ATC	GATATC	4
TAACTATAACGGTCCTAAGGTAGCGAA(-9/-13)	TAACTATAACGGTCCTAAGGTAGCGAA(-9/-13)	0
GRGGAY	GRGGAY	0
GAGAAG	GAGAAG	0
CCGC^GG	CCGCGG	5
GCANNNNNNNNGTGG	GCANNNNNNNNGTGG	0
CCC^GGG	CCCGGG	4
AGCANCC	AGCANCC	0
GACATC	GACATC	0
CTAAAG	CTAAAG	0
GA^TC	GATC	3
GARCAG	GARCAG	0
CGANNNNNNTGA	CGANNNNNNTGA	0
GCSGC	GCSGC	0
GGCGCA	GGCGCA	0
ACGABGG	ACGABGG	0
GATC^	GATC	5
GAAGGTTTGGCACCTCGATGTCGGCTCATC(-13/-17)	GAAGGTTTGGCACCTCGATGTCGGCTCATC(-13/-17)	0
GTYRAC	GTYRAC	0
TGKMCA	TGKMCA	0
(8/14)CCANNNNNNGT(15/9)	(8/14)CCANNNNNNGT(15/9)	0
CCYGA	CCYGA	0
GKAAYG	GKAAYG	0
GAGNNNNNGT	GAGNNNNNGT	0
GKAAGC	GKAAGC	0
CCANNNNNNGT	CCANNNNNNGT	0
CAANNNNNNNTGG	CAANNNNNNNTGG	0
CTRGAG	CTRGAG	0
GCAAGG	GCAAGG	0
GKAAYC	GKAAYC	0
AGTNNNNNNRTTG	AGTNNNNNNRTTG	0
GCANNNNNRTTA	GCANNNNNRTTA	0
GGRCA	GGRCA	0
GKAAYG(19/17)	GKAAYG(19/17)	0
(7/13)CCANNNNNNNTC(14/8)	(7/13)CCANNNNNNNTC(14/8)	0
CACNNNNNNNGAA	CACNNNNNNNGAA	0
TGACAG	TGACAG	0
CATCAG	CATCAG	0
GCGAA	GCGAA	0
AAAAGRG	AAAAGRG	0
TCGTAGCAGCTCACGGTT(-7/-11)	TCGTAGCAGCTCACGGTT(-7/-11)	0
CGATCCTAAGGTAGCGAAATTCA(-5/-9)	CGATCCTAAGGTAGCGAAATTCA(-5/-9)	0
CCCGGCTAACTCTGTGCCAG(-8/-12)	CCCGGCTAACTCTGTGCCAG(-8/-12)	0
CCTAGCCCACAATATTAAGGCCATCCCA(-13/-17)	CCTAGCCCACAATATTAAGGCCATCCCA(-13/-17)	0
GRNACAYT	GRNACAYT	0
GANGAGY	GANGAGY	0
GTTGNAG	GTTGNAG	0
GCACGAGCGCAACGCTCACAACTT(-8/-12)	GCACGAGCGCAACGCTCACAACTT(-8/-12)	0
CCCGGG	CCCGGG	0
CG^GWCCG	CGGWCCG	3
ATTAAT	ATTAAT	0
CTGGGTTCAAAACGTCGTGAGACAGTTTGG(-10/-14)	CTGGGTTCAAAACGTCGTGAGACAGTTTGG(-10/-14)	0
TGTAGCTGCTCATGGTT(-8/-10)	TGTAGCTGCTCATGGTT(-8/-10)	0
GCGGGA	GCGGGA	0
CAAANTC	CAAANTC	0
CGGAAG	CGGAAG	0
GACGC(5/10)	GACGC(5/10)	0
A^CCWGGT	ACCWGGT	2
GTACTAGCATGGGGTCAAATGTCTTTCTGG	GTACTAGCATGGGGTCAAATGTCTTTCTGG	0
G^TAC	GTAC	2
GAGNNNNRTAA	GAGNNNNRTAA	0
GGATG	GGATG	0
CCANNNNNRTGA	CCANNNNNRTGA	0
(11/13)CAANNNNNGTGG(12/10)	(11/13)CAANNNNNGTGG(12/10)	0
TYGAYCT	TYGAYCT	0
ACCCCA	ACCCCA	0
AAGGAG(20/18)	AAGGAG(20/18)	0
GACNNNNNNTC	GACNNNNNNTC	0
C^ATG	CATG	2
G^ANTC	GANTC	2
TCGA	TCGA	0
RG^CY	RGCY	3
RGCY	RGCY	0
GC	GC	0
TG^CA	TGCA	3
TGCA	TGCA	0
CATG	CATG	0
TTTTTTGGTCATCCAGAAGTATAT(?/-14)	TTTTTTGGTCATCCAGAAGTATAT(?/-14)	0
TACGAG	TACGAG	0
GGC^GCC	GGCGCC	4
ATGCCTTGCCGGGTAAGTTCCGGCGCGCAT(-14/-18)	ATGCCTTGCCGGGTAAGTTCCGGCGCGCAT(-14/-18)	0
GACAG	GACAG	0
CGRAG	CGRAG	0
AAGRAG	AAGRAG	0
TACGA	TACGA	0
RG^GNCCY	RGGNCCY	3
CAAGNAC(20/18)	CAAGNAC(20/18)	0
GAACCA	GAACCA	0
TACGAC(20/18)	TACGAC(20/18)	0
CATGNAC(10/8)	CATGNAC(10/8)	0
GCAGCC	GCAGCC	0
ARGAGC	ARGAGC	0
CAAAACGTCGTAAGTTCCGGCGCG(-11/-15)	CAAAACGTCGTAAGTTCCGGCGCG(-11/-15)	0
GTMKAC	GTMKAC	0
TGCCGAC	TGCCGAC	0
TGACNNNNNNTTC	TGACNNNNNNTTC	0
CACNCAC	CACNCAC	0
GGCGGA(11/9)	GGCGGA(11/9)	0
GGGCCC	GGGCCC	0
GAGCTC	GAGCTC	0
CGGNAAG	CGGNAAG	0
GAAAYTC	GAAAYTC	0
GGANNNNNNNNATGC	GGANNNNNNNNATGC	0
G^CCGGC	GCCGGC	2
GAATTC	GAATTC	0
ATGAAG	ATGAAG	0
GAAABCC	GAAABCC	0
GACNNNNNRTAAY	GACNNNNNRTAAY	0
GCCNNNNNNTGCG	GCCNNNNNNTGCG	0
CCANNNNNNNCTTC	CCANNNNNNNCTTC	0
GGANNNNNNTATC	GGANNNNNNTATC	0
GCANNNNNNCTGA	GCANNNNNNCTGA	0
GTCANNNNNNTGAY	GTCANNNNNNTGAY	0
CACNNNNNTGGC	CACNNNNNTGGC	0
TGANNNNNNNNTGCT	TGANNNNNNNNTGCT	0
AACNNNNNNGTGC	AACNNNNNNGTGC	0
GAGNNNNNNNGTCA	GAGNNNNNNNGTCA	0
^CCSGG	CCSGG	1
CACANTT	CACANTT	0
GCACAG	GCACAG	0
GCCKAG	GCCKAG	0
CRARCAG	CRARCAG	0
GAAANTC	GAAANTC	0
CGAABTT	CGAABTT	0
GGGANTT	GGGANTT	0
CANCATC	CANCATC	0
TAGARC	TAGARC	0
ACCYAC	ACCYAC	0
GGTAAG	GGTAAG	0
RCSRC(-3/-2)	RCSRC(-3/-2)	0
TTANNNNNNNGTCY	TTANNNNNNNGTCY	0
TCANNNNNNGTCG	TCANNNNNNGTCG	0
TCANNNNNNNATCG	TCANNNNNNNATCG	0
TCANNNNNNNRTTC	TCANNNNNNNRTTC	0
GAGNNNNNNNATGC	GAGNNNNNNNATGC	0
ACCACC	ACCACC	0
RTACNNNNGTG	RTACNNNNGTG	0
CTGRAG(16/14)	CTGRAG(16/14)	0
C(14/12)	C(14/12)	0
AGACC(25/27)	AGACC(25/27)	0
CAGCAG(25/27)	CAGCAG(25/27)	0
AGCANNNNNNTGA	AGCANNNNNNTGA	0
GAANNNNNNRTCG	GAANNNNNNRTCG	0
GAANNNNNNNRTCG	GAANNNNNNNRTCG	0
GAANNNNNNRTTC	GAANNNNNNRTTC	0
GAANNNNNNNRTTC	GAANNNNNNNRTTC	0
GTACATGGCATGGGTACATGATGAAATCCAAGTAGGCTGC(?/-20)	GTACATGGCATGGGTACATGATGAAATCCAAGTAGGCTGC(?/-20)	0
TGGCGACGAAAACCGCTTGGAAAGTGGCTG(-14/?)	TGGCGACGAAAACCGCTTGGAAAGTGGCTG(-14/?)	0
ACCTACCATTAACGGAGTCAAAGGCCATTG	ACCTACCATTAACGGAGTCAAAGGCCATTG	0
TAGGTACTGGACTTAAAATTCAGGTTTTGT(-15/-16)	TAGGTACTGGACTTAAAATTCAGGTTTTGT(-15/-16)	0
CCANNNNNNNRTGC	CCANNNNNNNRTGC	0
CCCNNAG	CCCNNAG	0
CCGGAG	CCGGAG	0
CTSAG	CTSAG	0
CGANNNNNNTC	CGANNNNNNTC	0
TC^GA	TCGA	3
GACCAC	GACCAC	0
CGTCTC	CGTCTC	0
CAGAAG	CAGAAG	0
ACCTGC	ACCTGC	0
GCCGAC	GCCGAC	0
CATG^	CATG	5
YA^TR	YATR	3
(8/13)AAGNNNNNCTT(13/8)	(8/13)AAGNNNNNCTT(13/8)	0
^CATG	CATG	1
CA^TATG	CATATG	3
AGAAGG	AGAAGG	0
GCVGAG	GCVGAG	0
CTAG	CTAG	0
GGNC^C	GGNCC	5
TTGAYC	TTGAYC	0
GTAAG	GTAAG	0
GAGNNNNRTAY	GAGNNNNRTAY	0
CTTAATT	CTTAATT	0
GGATG(9/13)	GGATG(9/13)	0
GGCCGG^CC	GGCCGGCC	7
RTGC^GCAY	RTGCGCAY	5
CC(12/16)	CC(12/16)	0
GARGAAG	GARGAAG	0
GACNNNGTC	GACNNNGTC	0
GGHANNNNNNNTAG	GGHANNNNNNNTAG	0
CYYANNNNNNNCTC	CYYANNNNNNNCTC	0
AGACC	AGACC	0
GAAACA	GAAACA	0
CGCGCAGG	CGCGCAGG	0
ATGCAC	ATGCAC	0
CGGCCR(-5/-1)	CGGCCR(-5/-1)	0
GC^GC	GCGC	3
TCCAGG	TCCAGG	0
CCTTTCCGCTTATTCAACCCTTTACCC(-12/-16)	CCTTTCCGCTTATTCAACCCTTTACCC(-12/-16)	0
TTTTCCTGTATATGACTTAAAT(-9/-13)	TTTTCCTGTATATGACTTAAAT(-9/-13)	0
CARABGC	CARABGC	0
CCCAGC(-1/-5)	CCCAGC(-1/-5)	0
GRGCRAC	GRGCRAC	0
TACNNNNNNCTC	TACNNNNNNCTC	0
GTACAG	GTACAG	0
GCCCCTCATAACCCGTATCAAG(-9/-13)	GCCCCTCATAACCCGTATCAAG(-9/-13)	0
CCTTTGTACCAATATGGTACCCATCCC(-12/-16)	CCTTTGTACCAATATGGTACCCATCCC(-12/-16)	0
GGCC,GCNGC,GDGCHC	GGCC,GCNGC,GDGCHC	0
WGG^CCW	WGGCCW	4
(7/13)GAYNNNNNRTC(14/9)	(7/13)GAYNNNNNRTC(14/9)	0
TGGCCANNNNNNNNNNN^	TGGCCANNNNNNNNNNN	18
GCCCAG	GCCCAG	0
CACNNNNNRTAY	CACNNNNNRTAY	0
CGANNNNNNTCC	CGANNNNNNTCC	0
GCANNNNNNTCC	GCANNNNNNTCC	0
ACCNNNNNNGGT	ACCNNNNNNGGT	0
TCGAG	TCGAG	0
(8/13)GAYNNNNNVTC(13/8)	(8/13)GAYNNNNNVTC(13/8)	0
CCTTC(6/5)	CCTTC(6/5)	0
GRCGYC	GRCGYC	0
GTY^RAC	GTYRAC	4
RAACNNNNNTAG	RAACNNNNNTAG	0
CGAAT	CGAAT	0
ATTATTCCAGTATAACTTTGAGATTAAG(?/-14)	ATTATTCCAGTATAACTTTGAGATTAAG(?/-14)	0
GAAGA	GAAGA	0
GTN^NAC	GTNNAC	4
GTSAC	GTSAC	0
CCATC	CCATC	0
AGGAG	AGGAG	0
^GTSAC	GTSAC	1
CGWCG^	CGWCG	6
GCCTA	GCCTA	0
GGWTAA	GGWTAA	0
GGWCNA	GGWCNA	0
RTAYNNNNNRTAY	RTAYNNNNNRTAY	0
CYANNNNNNTGA	CYANNNNNNTGA	0
TCNGA	TCNGA	0
CCTC	CCTC	0
TC^NNGA	TCNNGA	3
TCN^GA	TCNGA	4
CYANNNNNNNTRG	CYANNNNNNNTRG	0
GAAAG	GAAAG	0
CCTYNA	CCTYNA	0
GAAAAG	GAAAAG	0
GCGTA	GCGTA	0
CRTTAA	CRTTAA	0
CRTCNA	CRTCNA	0
GGANNAG	GGANNAG	0
CYANNNNNNTTC	CYANNNNNNTTC	0
A^CGT	ACGT	2
TCNNGA	TCNNGA	0
GCRGA	GCRGA	0
ACNGT	ACNGT	0
GTNNAC	GTNNAC	0
ACGT	ACGT	0
CGWCG	CGWCG	0
GCRCA	GCRCA	0
CYANNNNNNTCC	CYANNNNNNTCC	0
CYANNNNNNTGY	CYANNNNNNTGY	0
CYANNNNNNNTTC	CYANNNNNNNTTC	0
GTGGNAG,TNGGNAG	GTGGNAG,TNGGNAG	0
CTCCAG	CTCCAG	0
(8/14)CAYNNNNNRTG(14/8)	(8/14)CAYNNNNNRTG(14/8)	0
CGANNNNNRTAY	CGANNNNNRTAY	0
AACNNNNNGTT	AACNNNNNGTT	0
GTCCAG	GTCCAG	0
GAGCAGC	GAGCAGC	0
GTGGCCTACGGCGACACCGACAGCGTCATG	GTGGCCTACGGCGACACCGACAGCGTCATG	0
GTATNAC	GTATNAC	0
GRNGAAT	GRNGAAT	0
G^GCGCC	GGCGCC	2
CCCRAG	CCCRAG	0
RGGNC^CY	RGGNCCY	6
GGCYAC	GGCYAC	0
GG^GWCCC	GGGWCCC	3
GGTAC^C	GGTACC	6
CRTGATT	CRTGATT	0
GRACRAC	GRACRAC	0
GTTCNAG	GTTCNAG	0
GNGCGAG	GNGCGAG	0
GCYAAG	GCYAAG	0
AGGAAG	AGGAAG	0
GGCANNNNNNTTC	GGCANNNNNNTTC	0
CAAANNNNNNRTCA	CAAANNNNNNRTCA	0
GTTCNAC	GTTCNAC	0
ARCAGKC	ARCAGKC	0
CYAAANG	CYAAANG	0
CATCNAC	CATCNAC	0
CTCCA	CTCCA	0
AGAAG	AGAAG	0
CTNGAYC	CTNGAYC	0
AGAAGC	AGAAGC	0
GGYAAG	GGYAAG	0
CAAAGC	CAAAGC	0
AGCYAC	AGCYAC	0
GRTAAAT	GRTAAAT	0
GMAGG	GMAGG	0
GRTANAG	GRTANAG	0
ACAAAG	ACAAAG	0
AAGGAG	AAGGAG	0
GGAGG	GGAGG	0
GCAAAT	GCAAAT	0
CACATCCATAACCATATCATTTTT(-12/-3)	CACATCCATAACCATATCATTTTT(-12/-3)	0
GGCTNA	GGCTNA	0
CTNGAYG	CTNGAYG	0
CCGTKA	CCGTKA	0
CTYCAA	CTYCAA	0
GCTCC(1/-1)	GCTCC(1/-1)	0
AGCGCCG	AGCGCCG	0
TAGRAG	TAGRAG	0
CCYRNAC	CCYRNAC	0
GTATCC	GTATCC	0
CAGRAG	CAGRAG	0
AGGRAG	AGGRAG	0
ACGAAT	ACGAAT	0
GCNCAAC	GCNCAAC	0
CCG(11/15),CGG,GCGC	CCG(11/15),CGG,GCGC	0
TGGAAT	TGGAAT	0
AGCACC	AGCACC	0
RCATGY	RCATGY	0
CRAGCAC	CRAGCAC	0
TATCTAAACGTCGTATAGGAGC(-6/-10)	TATCTAAACGTCGTATAGGAGC(-6/-10)	0
AGTAGTGAAGTATGTTATTTAATTCG(-13/-17)	AGTAGTGAAGTATGTTATTTAATTCG(-13/-17)	0
CTCGCC	CTCGCC	0
^GTNAC	GTNAC	1
CACGCAG	CACGCAG	0
CRTTGAC(21/19)	CRTTGAC(21/19)	0
CG^CGCGCG	CGCGCGCG	3
AGGCGA	AGGCGA	0
GAAGA(8/7)	GAAGA(8/7)	0
GCGC^GC	GCGCGC	5
GG^CGCC	GGCGCC	3
WCGATCT	WCGATCT	0
CYCAGCG	CYCAGCG	0
GAGGAG	GAGGAG	0
GGCANNNNNNTCC	GGCANNNNNNTCC	0
GACNNNNNTGA	GACNNNNNTGA	0
C^AATTG	CAATTG	2
CGTAGCTGCCCAGTATGAGTCA(-6/-10)	CGTAGCTGCCCAGTATGAGTCA(-6/-10)	0
GAGAYGT	GAGAYGT	0
CGANNNNNNTCA	CGANNNNNNTCA	0
AGAAGATTGGGGTGATGATGTTCGGGTCTCCCGAAAC(-37/13)	AGAAGATTGGGGTGATGATGTTCGGGTCTCCCGAAAC(-37/13)	0
AGCCCA	AGCCCA	0
RGGWCCY	RGGWCCY	0
ACCCAG	ACCCAG	0
^AATT	AATT	1
GAGTC(5/5)	GAGTC(5/5)	0
TCCRAC(20/18)	TCCRAC(20/18)	0
TGAG	TGAG	0
CCTC(7/6)	CCTC(7/6)	0
CG	CG	0
TAGATAACCATAAGTGGCTAAT(-9/-13)	TAGATAACCATAAGTGGCTAAT(-9/-13)	0
GATCAG	GATCAG	0
CG^CCGGCG	CGCCGGCG	3
T^TAA	TTAA	2
CCGAKGG	CCGAKGG	0
CAYNN^NNRTG	CAYNNNNRTG	6
CMG^CKG	CMGCKG	4
CGCTNAT	CGCTNAT	0
CGGCNAC	CGGCNAC	0
GGGCNAG	GGGCNAG	0
GCAAAAG	GCAAAAG	0
CTCCNAG	CTCCNAG	0
GCTCNAT	GCTCNAT	0
AGCGCC	AGCGCC	0
CCCAATV	CCCAATV	0
GCCGG^C	GCCGGC	6
CNNR(9/13)	CNNR(9/13)	0
CGCANAG	CGCANAG	0
GGCTNAG	GGCTNAG	0
GCTCNAG	GCTCNAG	0
CCGCGAC	CCGCGAC	0
CTCGNAT	CTCGNAT	0
GTTT^AAAC	GTTTAAAC	5
GCGC^NGCGC	GCGCNGCGC	5
AACGCGGTCGGCAACCGCACCCGGGTCAC(-8/-27)	AACGCGGTCGGCAACCGCACCCGGGTCAC(-8/-27)	0
CTANNNNNNRTTC	CTANNNNNNRTTC	0
ACCAGC	ACCAGC	0
AAGTCTGGTGCCAGCACCCGC(-8/-13)	AAGTCTGGTGCCAGCACCCGC(-8/-13)	0
CCANNNNNNTCY	CCANNNNNNTCY	0
CTGRAG	CTGRAG	0
ACCGAC	ACCGAC	0
CCCG	CCCG	0
TTGAGGAGGTTTCCCTGTAAATAA(-11/-15)	TTGAGGAGGTTTCCCTGTAAATAA(-11/-15)	0
GCANNNNNNNNTGC	GCANNNNNNNNTGC	0
GCCGC(7/7)	GCCGC(7/7)	0
(12/14)GACNNNNNTGA(13/11)	(12/14)GACNNNNNTGA(13/11)	0
CCACC	CCACC	0
GGTGA	GGTGA	0
GCCHR	GCCHR	0
CAAGRAG	CAAGRAG	0
CATCAC(19/17)	CATCAC(19/17)	0
CYCGR^G	CYCGRG	6
GCCGAG(21/19)	GCCGAG(21/19)	0
GCCGAC(21/19)	GCCGAC(21/19)	0
(12/7)RCCGGY(7/12)	(12/7)RCCGGY(7/12)	0
GCCGAG	GCCGAG	0
GATCGAC	GATCGAC	0
CRTTCAG	CRTTCAG	0
ACGAG	ACGAG	0
CAACNAC	CAACNAC	0
GTAGTGAAGTATGGTTATTTA(-9/-13)	GTAGTGAAGTATGGTTATTTA(-9/-13)	0
GGTTGAATAAGTGG(-6/-10)	GGTTGAATAAGTGG(-6/-10)	0
YAGGAG	YAGGAG	0
GTA^C	GTAC	4
GGGGGCAGCCAGTGGTCCCGTT(-9/-13)	GGGGGCAGCCAGTGGTCCCGTT(-9/-13)	0
ACCCCTGTGGAGAGGAGCCCCTC(-10/-14)	ACCCCTGTGGAGAGGAGCCCCTC(-10/-14)	0
TTAAT^TAA	TTAATTAA	6
CCCNNNNNRTTGY	CCCNNNNNRTTGY	0
GTAATC	GTAATC	0
CCTTGA	CCTTGA	0
GATCGAG	GATCGAG	0
CATCGAR	CATCGAR	0
TGACGAG	TGACGAG	0
CTTGAG	CTTGAG	0
AAGAYC	AAGAYC	0
CCRTGAG	CCRTGAG	0
GCTCCTCATAATCCTTATCAAG(-9/-13)	GCTCCTCATAATCCTTATCAAG(-9/-13)	0
CC^CWGGG	CCCWGGG	3
GTATYC	GTATYC	0
GAACNNNNNNTCC	GAACNNNNNNTCC	0
CCAAAG	CCAAAG	0
WCGNNNN^NNNCGW	WCGNNNNNNNCGW	8
CCGGNAG	CCGGNAG	0
CACCAC	CACCAC	0
G^AWTC	GAWTC	2
TCGTAG	TCGTAG	0
CCCTNAG	CCCTNAG	0
GCGTCAG	GCGTCAG	0
RGCCCAC	RGCCCAC	0
T^CCNGGA	TCCNGGA	2
GACTATCATCATCTAAGCCTAACATCCAA(-13/?)	GACTATCATCATCTAAGCCTAACATCCAA(-13/?)	0
CTTCNAC	CTTCNAC	0
TANAAG	TANAAG	0
GGCGGAG	GGCGGAG	0
GAAGATGGGAGGAGGGACCGGACTCAACTT(-14/-18)	GAAGATGGGAGGAGGGACCGGACTCAACTT(-14/-18)	0
ACGAATCCATGTGGAGAAGAGCCTCTATA(-12/-16)	ACGAATCCATGTGGAGAAGAGCCTCTATA(-12/-16)	0
CGCRGAC	CGCRGAC	0
TTCGAG	TTCGAG	0
CTSSAG	CTSSAG	0
GGCC,GCNGC	GGCC,GCNGC	0
AATAACCTGAAGTATCAATC(-10/-12)	AATAACCTGAAGTATCAATC(-10/-12)	0
GGYGAB	GGYGAB	0
ACACAG	ACACAG	0
CTRKCAG	CTRKCAG	0
GAAGNAG	GAAGNAG	0
GATTTTAGATCCCTGTACC(-9/-13)	GATTTTAGATCCCTGTACC(-9/-13)	0
CAGTACTACGGTTAC(-5/-9)	CAGTACTACGGTTAC(-5/-9)	0
CATCAG(21/19)	CATCAG(21/19)	0
GAGTC(4/5)	GAGTC(4/5)	0
CGCCGAC	CGCCGAC	0
CCTCAGC	CCTCAGC	0
GACAGG	GACAGG	0
TGAGGTGGTTTCTCTGTAAATTAA(-12/-16)	TGAGGTGGTTTCTCTGTAAATTAA(-12/-16)	0
CTTCAGTATGCCCCGAAAC(-10/-14)	CTTCAGTATGCCCCGAAAC(-10/-14)	0
GCGAGCCCGTAAGGGTGTGTACGGG(-9/-13)	GCGAGCCCGTAAGGGTGTGTACGGG(-9/-13)	0
T^CGA	TCGA	2
(7/12)GAACNNNNNCTC(13/8)	(7/12)GAACNNNNNCTC(13/8)	0
TAACTATGACTCTCTTAAGGTAGCCAAAT(-11/-15)	TAACTATGACTCTCTTAAGGTAGCCAAAT(-11/-15)	0
YACGTR	YACGTR	0
A^TGCAT	ATGCAT	2
CCGCAG	CCGCAG	0
CAGANGC	CAGANGC	0
GAANNNNTTC	GAANNNNTTC	0
RCCGAAG	RCCGAAG	0
TGGCAAACAGCTATTATGGGTATTATGGGT(-13/-17)	TGGCAAACAGCTATTATGGGTATTATGGGT(-13/-17)	0
GGWC^C	GGWCC	5
GCGAAG	GCGAAG	0
GCTGCTG	GCTGCTG	0
CCGANAG	CCGANAG	0
GAGCT^C	GAGCTC	6
CCGCGAG	CCGCGAG	0
CAAGAAC	CAAGAAC	0
CGCCCAR(20/18)	CGCCCAR(20/18)	0
CCYCAG(15/13)	CCYCAG(15/13)	0
TACYCAC	TACYCAC	0
VC^TCGAGB	VCTCGAGB	3
(7/12)GAACNNNNNNTAC(12/7)	(7/12)GAACNNNNNNTAC(12/7)	0
CTGATG(25/27)	CTGATG(25/27)	0
CTAMRAG	CTAMRAG	0
CNYACAC	CNYACAC	0
BBCGD	BBCGD	0
CRCCGGYG	CRCCGGYG	0
GAAAGAG	GAAAGAG	0
CACGAGH	CACGAGH	0
CGAGG	CGAGG	0
CATCGAC(20/18)	CATCGAC(20/18)	0
TGRYCA	TGRYCA	0
ACCCAG(20/18)	ACCCAG(20/18)	0
(9/11)TGRYCA(11/9)	(9/11)TGRYCA(11/9)	0
ACGCAG	ACGCAG	0
CGCCAG	CGCCAG	0
GRAAGCG	GRAAGCG	0
TCATGA	TCATGA	0
AACGAG	AACGAG	0
GGANNNNNRTGA	GGANNNNNRTGA	0
VCW	VCW	0
ACACAG(20/18)	ACACAG(20/18)	0
CCCACA(12/9)	CCCACA(12/9)	0
GTYGGAG(11/9)	GTYGGAG(11/9)	0
CCCGCAG(20/18)	CCCGCAG(20/18)	0
CGRGGAC(20/18)	CGRGGAC(20/18)	0
GRTGGAG	GRTGGAG	0
GCCCAT	GCCCAT	0
CACACG	CACACG	0
CTTCGAG	CTTCGAG	0
TGANNNNNNTGA	TGANNNNNNTGA	0
GGCC,CCGG,CCWGG	GGCC,CCGG,CCWGG	0
CAATNAG	CAATNAG	0
CTYRAG	CTYRAG	0
CGANNNNNNTAC	CGANNNNNNTAC	0
GTTGCA	GTTGCA	0
GTANNNNNNTGG	GTANNNNNNTGG	0
YACNNNNNTGG	YACNNNNNTGG	0
CCANNNNNGTR	CCANNNNNGTR	0
GARCNAG	GARCNAG	0
AGGNNNNNGAT	AGGNNNNNGAT	0
GGNGAYG	GGNGAYG	0
CCTGCA^GG	CCTGCAGG	7
TGAAC	TGAAC	0
TGTCACATTGAGGTGCACTAGTTATTAC(-9/-13)	TGTCACATTGAGGTGCACTAGTTATTAC(-9/-13)	0
TAAGTCGGGTGCGGAGAAAGAGGAAAAGAG	TAAGTCGGGTGCGGAGAAAGAGGAAAAGAG	0
GATGCTGTAGGCATAGGCTTGGTT(-12/-16)	GATGCTGTAGGCATAGGCTTGGTT(-12/-16)	0
TAGGGATAACAGGGTAAT(-9/-13)	TAGGGATAACAGGGTAAT(-9/-13)	0
ATCTATGTCGGGTGCGGAGAAAGAGGTAATGAAATGG(-22/-26)	ATCTATGTCGGGTGCGGAGAAAGAGGTAATGAAATGG(-22/-26)	0
CTTTCCGCAACAGTAAAATT(-8/-12)	CTTTCCGCAACAGTAAAATT(-8/-12)	0
TTTTGATTCTTTGGTCACCCTGAAGTATA(-9/-13)	TTTTGATTCTTTGGTCACCCTGAAGTATA(-9/-13)	0
ATTGGAGGTTTTGGTAACTATTTATTACC(-11/-15)	ATTGGAGGTTTTGGTAACTATTTATTACC(-11/-15)	0
TCTTTTCTCTTGATTAGCCCTAATCTACG(-13/-17)	TCTTTTCTCTTGATTAGCCCTAATCTACG(-13/-17)	0
AATAATTTTCTTCTTAGTAATGCC(-13/-3)	AATAATTTTCTTCTTAGTAATGCC(-13/-3)	0
GTTATTTAATGTTTTAGTAGTTGG(-13/-3)	GTTATTTAATGTTTTAGTAGTTGG(-13/-3)	0
TGTCACATTGAGGTGCACTAGTTATTAC	TGTCACATTGAGGTGCACTAGTTATTAC	0
CTC^GAG	CTCGAG	4
GCTAAT	GCTAAT	0
CAGRAG(21/19)	CAGRAG(21/19)	0
(11/13)GACNNNNRTGA(12/10)	(11/13)GACNNNNRTGA(12/10)	0
GGCCNNNN^NGGCC	GGCCNNNNNGGCC	9
CACNNNNNTCY	CACNNNNNTCY	0
GTCCC	GTCCC	0
GAGNNNNNTAA	GAGNNNNNTAA	0
GCANNNNNNNTGA	GCANNNNNNNTGA	0
^CGCG	CGCG	1
ACGAACB	ACGAACB	0
GNGGCAG	GNGGCAG	0
CCAAAC	CCAAAC	0
GTTCAT	GTTCAT	0
ACRCAG	ACRCAG	0
CAGAG	CAGAG	0
GAGNNNNNNRTAYG	GAGNNNNNNRTAYG	0
GGAAC	GGAAC	0
CGYCAT	CGYCAT	0
TGCAG	TGCAG	0
CTANNNNNCTC	CTANNNNNCTC	0
ASST^	ASST	5
GNYCAG	GNYCAG	0
CNNGNNNNNNNNN^	CNNGNNNNNNNNN	14
GCCGAGG	GCCGAGG	0
GCTCTTC	GCTCTTC	0
CR^CCGGYG	CRCCGGYG	3
CGAGATC	CGAGATC	0
CG^TCGACG	CGTCGACG	3
CCDS(10/14)	CCDS(10/14)	0
ARCCCT	ARCCCT	0
CAAAGA	CAAAGA	0
GGTATCCTCCATTATCAGGTGTACG(-10/-14)	GGTATCCTCCATTATCAGGTGTACG(-10/-14)	0
GCGAACB	GCGAACB	0
C^TYRAG	CTYRAG	2
GTATAC	GTATAC	0
CRTTGAG	CRTTGAG	0
GGCCGAG	GGCCGAG	0
GGACY	GGACY	0
CCCAAG	CCCAAG	0
CRAANNNNNNNNCTG	CRAANNNNNNNNCTG	0
CRAANNNNNNNNNTTC	CRAANNNNNNNNNTTC	0
CACNNNNNNNCTT	CACNNNNNNNCTT	0
CACNNNNNNNCTG	CACNNNNNNNCTG	0
GCGGRAG	GCGGRAG	0
GTGGTTGGACGGTATATCCACCACT(-10/-14)	GTGGTTGGACGGTATATCCACCACT(-10/-14)	0
CATCG	CATCG	0
GCCC^GGGC	GCCCGGGC	5
ACCAAG	ACCAAG	0
TTTAAA	TTTAAA	0
AGGTACCCTTTAAACCTATTAA(-9/-13)	AGGTACCCTTTAAACCTATTAA(-9/-13)	0
AG^GWCCT	AGGWCCT	3
CTGATG	CTGATG	0
AAT^ATT	AATATT	4
CGCAGCG	CGCAGCG	0
GTCGGGCTCATAACCCGAA(-11/-8)	GTCGGGCTCATAACCCGAA(-11/-8)	0
GAAGGC	GAAGGC	0
GGTGA(8/8)	GGTGA(8/8)	0
AGCGANC	AGCGANC	0
CGAAGAC(20/18)	CGAAGAC(20/18)	0
CCCG(4/8)	CCCG(4/8)	0
CC^GG	CCGG	3
GGACGAC	GGACGAC	0
GAAGT	GAAGT	0
GGATG(10/14)	GGATG(10/14)	0
GGTANNNNNNTCG	GGTANNNNNNTCG	0
ACANNNNNNTYCA	ACANNNNNNTYCA	0
GGYANNNNNNTCG	GGYANNNNNNTCG	0
TAANNNNNNRTCG	TAANNNNNNRTCG	0
GAGNNNNNNGTRC	GAGNNNNNNGTRC	0
CGATNNNNNNNGTTA	CGATNNNNNNNGTTA	0
AACNNNNNNGTRC	AACNNNNNNGTRC	0
AACNNNNNNRTAYG	AACNNNNNNRTAYG	0
GGGTNA	GGGTNA	0
AC^GT	ACGT	3
ACGT^	ACGT	5
GACCGA(11/9)	GACCGA(11/9)	0
CACCCA(11/9)	CACCCA(11/9)	0
W^GTACW	WGTACW	2
GAAACACAAGAAATGTTTAGTAAA(-13/14)	GAAACACAAGAAATGTTTAGTAAA(-13/14)	0
AGTGGTATCAACGCTCAGTAGATG(-12/-14)	AGTGGTATCAACGCTCAGTAGATG(-12/-14)	0
TTTAATCCTCGCTTCAGATATGGCAACTG(-14/-16)	TTTAATCCTCGCTTCAGATATGGCAACTG(-14/-16)	0
GCTTATGAGTATGAAGTGAACACGTTATTC(-5/-7)	GCTTATGAGTATGAAGTGAACACGTTATTC(-5/-7)	0
AGAAGAACATGTGGTATTG(-9/-11)	AGAAGAACATGTGGTATTG(-9/-11)	0
TATGTATCTTTTGCGTGTACCTTTAACTTC(?/-28)	TATGTATCTTTTGCGTGTACCTTTAACTTC(?/-28)	0
TATAGGTTCGAATCCTATCACGTCCGCCAAATACG(-5/-7)	TATAGGTTCGAATCCTATCACGTCCGCCAAATACG(-5/-7)	0
TAGATTTTAGGTCGCTATATCCTTCC(-14/-18)	TAGATTTTAGGTCGCTATATCCTTCC(-14/-18)	0
TAYGCNGAYACNGACGGYTTYT(-10/-14)	TAYGCNGAYACNGACGGYTTYT(-10/-14)	0
GTGAAG(20/18)	GTGAAG(20/18)	0
TTCAAG(10/8)	TTCAAG(10/8)	0
TAYGCNGAYACNGACGGYTTYT(-5/-9)	TAYGCNGAYACNGACGGYTTYT(-5/-9)	0
AAATTGCTTGCAAACAGCTATTACGGCTAT	AAATTGCTTGCAAACAGCTATTACGGCTAT	0
GAACAGTTACTACGGCTAC(-6/-10)	GAACAGTTACTACGGCTAC(-6/-10)	0
CATATG	CATATG	0
GACNNNNNNGTC	GACNNNNNNGTC	0
CASTGNN^	CASTGNN	8
AATT	AATT	0
GTACATGGCGTGGGTGCATGATGAAATCCAAGTAGGTTGC(?/-20)	GTACATGGCGTGGGTGCATGATGAAATCCAAGTAGGTTGC(?/-20)	0
GTACATGGCGTGGGTGCATGATGAGATTCAAGTAGGTTGC(?/-20)	GTACATGGCGTGGGTGCATGATGAGATTCAAGTAGGTTGC(?/-20)	0
TARCCA(11/9)	TARCCA(11/9)	0
GRACGAC	GRACGAC	0
ATGAA(11/9)	ATGAA(11/9)	0
ACGGA(11/9)	ACGGA(11/9)	0
GAGNNNCTC	GAGNNNCTC	0
(8/13)CACNNNNNNTCC(12/7)	(8/13)CACNNNNNNTCC(12/7)	0
GCGAC	GCGAC	0
CAARCA(11/9)	CAARCA(11/9)	0
TCTTGCACCTACACAATCCA(-13/?)	TCTTGCACCTACACAATCCA(-13/?)	0
RGGNCCY	RGGNCCY	0
GAATGC	GAATGC	0
TACNNNNNRTGT	TACNNNNNRTGT	0
TCGTA	TCGTA	0
CTACNNNGTC	CTACNNNGTC	0
GAGNNNNNNCTGG	GAGNNNNNNCTGG	0
CCANNNNNTCG	CCANNNNNTCG	0
AACGTT	AACGTT	0
CGAACG	CGAACG	0
(7/5)GAGCTC(5/7)	(7/5)GAGCTC(5/7)	0
^GGNCC	GGNCC	1
CA^TG	CATG	3
CCKAAG	CCKAAG	0
CAGAAC	CAGAAC	0
RTAAAYG	RTAAAYG	0
GNCYTAG	GNCYTAG	0
CCTGACTCTCTTAAGGTAGCCAAA(-10/-14)	CCTGACTCTCTTAAGGTAGCCAAA(-10/-14)	0
CCANNNNNCTC	CCANNNNNCTC	0
^GGWCC	GGWCC	1
CGTCAG	CGTCAG	0
CACRAYC	CACRAYC	0
CACRAG(21/19)	CACRAG(21/19)	0
CACRAG	CACRAG	0
CCANNNNN^NNNNTGG	CCANNNNNNNNNTGG	9
TACGTTGGTTGTGGTGAAAGAGGAAAAGAG	TACGTTGGTTGTGGTGAAAGAGGAAAAGAG	0
GAC^GTC	GACGTC	4
